2000-word review,abalone,common_ish,1,"",""
2000-word review,aberrant,common_ish,1,"",""
2000-word review,able,common_ish,1,"",""
2000-word review,absentia,common_ish,1,"",""
2000-word review,abuzz,common_ish,1,"",""
2000-word review,academia,common_ish,1,"",""
2000-word review,acceded,common_ish,1,"",""
2000-word review,accrue,common_ish,1,"",""
2000-word review,accuser,common_ish,1,"",""
2000-word review,accuser,common_ish,1,"",""
2000-word review,acrobatism,common_ish,1,"",""
2000-word review,acura,common_ish,1,"",""
2000-word review,ada,common_ish,1,"",""
2000-word review,adams,common_ish,1,"",""
2000-word review,adele,common_ish,1,"",""
2000-word review,adjustable,common_ish,1,"",""
2000-word review,admission,common_ish,1,"",""
2000-word review,admonish,common_ish,1,"",""
2000-word review,admonition,common_ish,1,"",""
2000-word review,adobe,common_ish,1,"",""
2000-word review,adopts,common_ish,1,"",""
2000-word review,adrift,common_ish,1,"",""
2000-word review,adt,common_ish,1,"",""
2000-word review,adventured,common_ish,1,"",""
2000-word review,aerodynamically,common_ish,1,"",""
2000-word review,afire,common_ish,1,"",""
2000-word review,afterdeck,common_ish,1,"",""
2000-word review,airplay,common_ish,1,"",""
2000-word review,alcan,common_ish,1,"",""
2000-word review,alerts,common_ish,1,"",""
2000-word review,allegiance,common_ish,1,"",""
2000-word review,alleles,common_ish,1,"",""
2000-word review,allness,common_ish,1,"",""
2000-word review,alright,common_ish,1,"",""
2000-word review,alrighty,common_ish,1,"",""
2000-word review,alumnus,common_ish,1,"",""
2000-word review,ambar,common_ish,1,"",""
2000-word review,amber,common_ish,1,"",""
2000-word review,ameba,common_ish,1,"",""
2000-word review,amnesiacs,common_ish,1,"",""
2000-word review,ampersand,common_ish,1,"",""
2000-word review,amphitheatres,common_ish,1,"",""
2000-word review,anaesthetic,common_ish,1,"",""
2000-word review,ankles,common_ish,1,"",""
2000-word review,annie,common_ish,1,"",""
2000-word review,anticenter,common_ish,1,"",""
2000-word review,antigravity,common_ish,1,"",""
2000-word review,antimissile,common_ish,1,"",""
2000-word review,antinationalism,common_ish,1,"",""
2000-word review,antinuclear,common_ish,1,"",""
2000-word review,antiquing,common_ish,1,"",""
2000-word review,anus,common_ish,1,"",""
2000-word review,anybody,common_ish,1,"",""
2000-word review,apache,common_ish,1,"",""
2000-word review,aphrodisiacs,common_ish,1,"",""
2000-word review,apostle,common_ish,1,"",""
2000-word review,apostolic,common_ish,1,"",""
2000-word review,appropriate,common_ish,1,"",""
2000-word review,apps,common_ish,1,"",""
2000-word review,arbitress,common_ish,1,"",""
2000-word review,arctic,common_ish,1,"",""
2000-word review,arses,common_ish,1,"",""
2000-word review,articles,common_ish,1,"",""
2000-word review,articulation,common_ish,1,"",""
2000-word review,ascribe,common_ish,1,"",""
2000-word review,ashes,common_ish,1,"",""
2000-word review,aspirates,common_ish,1,"",""
2000-word review,assumes,common_ish,1,"",""
2000-word review,asthmatic,common_ish,1,"",""
2000-word review,astronautical,common_ish,1,"",""
2000-word review,ataraxy,common_ish,1,"",""
2000-word review,ate,common_ish,1,"",""
2000-word review,atman,common_ish,1,"",""
2000-word review,attachment,common_ish,1,"",""
2000-word review,attributing,common_ish,1,"",""
2000-word review,attribution,common_ish,1,"",""
2000-word review,attribution,common_ish,1,"",""
2000-word review,attune,common_ish,1,"",""
2000-word review,australia,common_ish,1,"",""
2000-word review,avast,common_ish,1,"",""
2000-word review,away,common_ish,1,"",""
2000-word review,awork,common_ish,1,"",""
2000-word review,azalea,common_ish,1,"",""
2000-word review,bachelorette,common_ish,1,"",""
2000-word review,backfile,common_ish,1,"",""
2000-word review,backworm,common_ish,1,"",""
2000-word review,baggers,common_ish,1,"",""
2000-word review,bah,common_ish,1,"",""
2000-word review,balalaikas,common_ish,1,"",""
2000-word review,balsamic,common_ish,1,"",""
2000-word review,ban,common_ish,1,"",""
2000-word review,banality,common_ish,1,"",""
2000-word review,banked,common_ish,1,"",""
2000-word review,banners,common_ish,1,"",""
2000-word review,banshee,common_ish,1,"",""
2000-word review,bar,common_ish,1,"",""
2000-word review,barbacoa,common_ish,1,"",""
2000-word review,barca,common_ish,1,"",""
2000-word review,barreling,common_ish,1,"",""
2000-word review,barricaded,common_ish,1,"",""
2000-word review,basements,common_ish,1,"",""
2000-word review,bassett,common_ish,1,"",""
2000-word review,baston,common_ish,1,"",""
2000-word review,beanstalk,common_ish,1,"",""
2000-word review,beardom,common_ish,1,"",""
2000-word review,beardom,common_ish,1,"",""
2000-word review,becks,common_ish,1,"",""
2000-word review,befoul,common_ish,1,"",""
2000-word review,befoul,common_ish,1,"",""
2000-word review,began,common_ish,1,"",""
2000-word review,begins,common_ish,1,"",""
2000-word review,behalf,common_ish,1,"",""
2000-word review,bein,common_ish,1,"",""
2000-word review,bellies,common_ish,1,"",""
2000-word review,bennet,common_ish,1,"",""
2000-word review,bernadette,common_ish,1,"",""
2000-word review,besit,common_ish,1,"",""
2000-word review,besought,common_ish,1,"",""
2000-word review,best,common_ish,1,"",""
2000-word review,betted,common_ish,1,"",""
2000-word review,bevy,common_ish,1,"",""
2000-word review,beyblade,common_ish,1,"",""
2000-word review,beyblader,common_ish,1,"",""
2000-word review,biased,common_ish,1,"",""
2000-word review,bible,common_ish,1,"",""
2000-word review,bidets,common_ish,1,"",""
2000-word review,biennium,common_ish,1,"",""
2000-word review,bigamy,common_ish,1,"",""
2000-word review,biggie,common_ish,1,"",""
2000-word review,bikini,common_ish,1,"",""
2000-word review,billionth,common_ish,1,"",""
2000-word review,bin,common_ish,1,"",""
2000-word review,bindings,common_ish,1,"",""
2000-word review,binged,common_ish,1,"",""
2000-word review,birb,common_ish,1,"",""
2000-word review,birches,common_ish,1,"",""
2000-word review,bits,common_ish,1,"",""
2000-word review,bitter,common_ish,1,"",""
2000-word review,blabs,common_ish,1,"",""
2000-word review,blackboard,common_ish,1,"",""
2000-word review,blighters,common_ish,1,"",""
2000-word review,bling,common_ish,1,"",""
2000-word review,blinker,common_ish,1,"",""
2000-word review,blitzed,common_ish,1,"",""
2000-word review,blockaded,common_ish,1,"",""
2000-word review,blubberhead,common_ish,1,"",""
2000-word review,blubberhead,common_ish,1,"",""
2000-word review,bluesman,common_ish,1,"",""
2000-word review,bluest,common_ish,1,"",""
2000-word review,blurt,common_ish,1,"",""
2000-word review,blurt,common_ish,1,"",""
2000-word review,boba,common_ish,1,"",""
2000-word review,bodacious,common_ish,1,"",""
2000-word review,bodysurfing,common_ish,1,"",""
2000-word review,boff,common_ish,1,"",""
2000-word review,bones,common_ish,1,"",""
2000-word review,bookie,common_ish,1,"",""
2000-word review,boombox,common_ish,1,"",""
2000-word review,boomer,common_ish,1,"",""
2000-word review,boss,common_ish,1,"",""
2000-word review,bother,common_ish,1,"",""
2000-word review,bouquets,common_ish,1,"",""
2000-word review,bowler,common_ish,1,"",""
2000-word review,brah,common_ish,1,"",""
2000-word review,brawn,common_ish,1,"",""
2000-word review,bribe,common_ish,1,"",""
2000-word review,bribe,common_ish,1,"",""
2000-word review,bricolage,common_ish,1,"",""
2000-word review,bridie,common_ish,1,"",""
2000-word review,briefly,common_ish,1,"",""
2000-word review,brimstone,common_ish,1,"",""
2000-word review,bringers,common_ish,1,"",""
2000-word review,brisco,common_ish,1,"",""
2000-word review,broadcasted,common_ish,1,"",""
2000-word review,brontosaurus,common_ish,1,"",""
2000-word review,brotherless,common_ish,1,"",""
2000-word review,brouhaha,common_ish,1,"",""
2000-word review,bruce,common_ish,1,"",""
2000-word review,brume,common_ish,1,"",""
2000-word review,bruschetta,common_ish,1,"",""
2000-word review,bubbling,common_ish,1,"",""
2000-word review,bubby,common_ish,1,"",""
2000-word review,buckles,common_ish,1,"",""
2000-word review,buffers,common_ish,1,"",""
2000-word review,bukowski,common_ish,1,"",""
2000-word review,bulldog,common_ish,1,"",""
2000-word review,bumps,common_ish,1,"",""
2000-word review,bundt,common_ish,1,"",""
2000-word review,bunnies,common_ish,1,"",""
2000-word review,burrs,common_ish,1,"",""
2000-word review,bushwhack,common_ish,1,"",""
2000-word review,bustling,common_ish,1,"",""
2000-word review,buttinski,common_ish,1,"",""
2000-word review,caesar,common_ish,1,"",""
2000-word review,cajole,common_ish,1,"",""
2000-word review,calm,common_ish,1,"",""
2000-word review,campaigns,common_ish,1,"",""
2000-word review,camped,common_ish,1,"",""
2000-word review,canary,common_ish,1,"",""
2000-word review,canker,common_ish,1,"",""
2000-word review,cantata,common_ish,1,"",""
2000-word review,cants,common_ish,1,"",""
2000-word review,capacious,common_ish,1,"",""
2000-word review,career,common_ish,1,"",""
2000-word review,cartoon,common_ish,1,"",""
2000-word review,cassette,common_ish,1,"",""
2000-word review,castilians,common_ish,1,"",""
2000-word review,cavitation,common_ish,1,"",""
2000-word review,cavity,common_ish,1,"",""
2000-word review,cessation,common_ish,1,"",""
2000-word review,chain,common_ish,1,"",""
2000-word review,chandeliers,common_ish,1,"",""
2000-word review,chang,common_ish,1,"",""
2000-word review,chappy,common_ish,1,"",""
2000-word review,chatelaine,common_ish,1,"",""
2000-word review,chemically,common_ish,1,"",""
2000-word review,chemo,common_ish,1,"",""
2000-word review,chi,common_ish,1,"",""
2000-word review,chiaroscuro,common_ish,1,"",""
2000-word review,chillax,common_ish,1,"",""
2000-word review,chillaxing,common_ish,1,"",""
2000-word review,chipset,common_ish,1,"",""
2000-word review,chiron,common_ish,1,"",""
2000-word review,chittering,common_ish,1,"",""
2000-word review,cholo,common_ish,1,"",""
2000-word review,cholos,common_ish,1,"",""
2000-word review,choosier,common_ish,1,"",""
2000-word review,chop,common_ish,1,"",""
2000-word review,chortles,common_ish,1,"",""
2000-word review,christie,common_ish,1,"",""
2000-word review,churchyard,common_ish,1,"",""
2000-word review,churrascaria,common_ish,1,"",""
2000-word review,circulations,common_ish,1,"",""
2000-word review,ciudad,common_ish,1,"",""
2000-word review,clavichordist,common_ish,1,"",""
2000-word review,claymore,common_ish,1,"",""
2000-word review,climby,common_ish,1,"",""
2000-word review,clings,common_ish,1,"",""
2000-word review,clocking,common_ish,1,"",""
2000-word review,closer,common_ish,1,"",""
2000-word review,cloth,common_ish,1,"",""
2000-word review,clunks,common_ish,1,"",""
2000-word review,clutters,common_ish,1,"",""
2000-word review,cobot,common_ish,1,"",""
2000-word review,coddles,common_ish,1,"",""
2000-word review,coffin,common_ish,1,"",""
2000-word review,collaring,common_ish,1,"",""
2000-word review,collate,common_ish,1,"",""
2000-word review,collie,common_ish,1,"",""
2000-word review,collies,common_ish,1,"",""
2000-word review,collision,common_ish,1,"",""
2000-word review,colly,common_ish,1,"",""
2000-word review,colts,common_ish,1,"",""
2000-word review,coma,common_ish,1,"",""
2000-word review,combust,common_ish,1,"",""
2000-word review,command,common_ish,1,"",""
2000-word review,commandeering,common_ish,1,"",""
2000-word review,commision,common_ish,1,"",""
2000-word review,commit,common_ish,1,"",""
2000-word review,communiqué,common_ish,1,"",""
2000-word review,compact,common_ish,1,"",""
2000-word review,comparative,common_ish,1,"",""
2000-word review,compiling,common_ish,1,"",""
2000-word review,components,common_ish,1,"",""
2000-word review,compunctious,common_ish,1,"",""
2000-word review,concedes,common_ish,1,"",""
2000-word review,concerned,common_ish,1,"",""
2000-word review,conches,common_ish,1,"",""
2000-word review,conditions,common_ish,1,"",""
2000-word review,conducting,common_ish,1,"",""
2000-word review,confessional,common_ish,1,"",""
2000-word review,confirm,common_ish,1,"",""
2000-word review,congelation,common_ish,1,"",""
2000-word review,congestive,common_ish,1,"",""
2000-word review,cons,common_ish,1,"",""
2000-word review,consider,common_ish,1,"",""
2000-word review,consigliere,common_ish,1,"",""
2000-word review,consistorial,common_ish,1,"",""
2000-word review,contingency,common_ish,1,"",""
2000-word review,convalescence,common_ish,1,"",""
2000-word review,conversions,common_ish,1,"",""
2000-word review,conveying,common_ish,1,"",""
2000-word review,convincing,common_ish,1,"",""
2000-word review,cooperations,common_ish,1,"",""
2000-word review,coordinating,common_ish,1,"",""
2000-word review,cootie,common_ish,1,"",""
2000-word review,corniche,common_ish,1,"",""
2000-word review,coronets,common_ish,1,"",""
2000-word review,corvette,common_ish,1,"",""
2000-word review,cosplay,common_ish,1,"",""
2000-word review,costa,common_ish,1,"",""
2000-word review,couches,common_ish,1,"",""
2000-word review,coupé,common_ish,1,"",""
2000-word review,covers,common_ish,1,"",""
2000-word review,coyote,common_ish,1,"",""
2000-word review,cracks,common_ish,1,"",""
2000-word review,cradle,common_ish,1,"",""
2000-word review,crapped,common_ish,1,"",""
2000-word review,crappers,common_ish,1,"",""
2000-word review,crat,common_ish,1,"",""
2000-word review,crawlies,common_ish,1,"",""
2000-word review,craws,common_ish,1,"",""
2000-word review,creates,common_ish,1,"",""
2000-word review,creek,common_ish,1,"",""
2000-word review,creeper,common_ish,1,"",""
2000-word review,crims,common_ish,1,"",""
2000-word review,crinoline,common_ish,1,"",""
2000-word review,cripes,common_ish,1,"",""
2000-word review,criss-cross,common_ish,1,"",""
2000-word review,crocheted,common_ish,1,"",""
2000-word review,crockery,common_ish,1,"",""
2000-word review,crooken,common_ish,1,"",""
2000-word review,crossing,common_ish,1,"",""
2000-word review,crusades,common_ish,1,"",""
2000-word review,crypts,common_ish,1,"",""
2000-word review,cubed,common_ish,1,"",""
2000-word review,cucks,common_ish,1,"",""
2000-word review,cuffing,common_ish,1,"",""
2000-word review,cunnilingus,common_ish,1,"",""
2000-word review,cunt,common_ish,1,"",""
2000-word review,cupolas,common_ish,1,"",""
2000-word review,cupping,common_ish,1,"",""
2000-word review,curiosity,common_ish,1,"",""
2000-word review,cush,common_ish,1,"",""
2000-word review,cussing,common_ish,1,"",""
2000-word review,custodian,common_ish,1,"",""
2000-word review,cwm,common_ish,1,"",""
2000-word review,cyanogen,common_ish,1,"",""
2000-word review,cycad,common_ish,1,"",""
2000-word review,dagnabbit,common_ish,1,"",""
2000-word review,dal,common_ish,1,"",""
2000-word review,damnation,common_ish,1,"",""
2000-word review,dampy,common_ish,1,"",""
2000-word review,dancehall,common_ish,1,"",""
2000-word review,darns,common_ish,1,"",""
2000-word review,dastan,common_ish,1,"",""
2000-word review,datura,common_ish,1,"",""
2000-word review,daytime,common_ish,1,"",""
2000-word review,daytimes,common_ish,1,"",""
2000-word review,daytona,common_ish,1,"",""
2000-word review,dearm,common_ish,1,"",""
2000-word review,deary,common_ish,1,"",""
2000-word review,decarbonization,common_ish,1,"",""
2000-word review,deceptions,common_ish,1,"",""
2000-word review,decimal,common_ish,1,"",""
2000-word review,declares,common_ish,1,"",""
2000-word review,decoder,common_ish,1,"",""
2000-word review,decontaminated,common_ish,1,"",""
2000-word review,defences,common_ish,1,"",""
2000-word review,defenseless,common_ish,1,"",""
2000-word review,defined,common_ish,1,"",""
2000-word review,deflating,common_ish,1,"",""
2000-word review,deflowering,common_ish,1,"",""
2000-word review,deforms,common_ish,1,"",""
2000-word review,defragmenter,common_ish,1,"",""
2000-word review,defying,common_ish,1,"",""
2000-word review,degear,common_ish,1,"",""
2000-word review,dehumanized,common_ish,1,"",""
2000-word review,deign,common_ish,1,"",""
2000-word review,delocalization,common_ish,1,"",""
2000-word review,deluxe,common_ish,1,"",""
2000-word review,dependant,common_ish,1,"",""
2000-word review,dependants,common_ish,1,"",""
2000-word review,deperch,common_ish,1,"",""
2000-word review,deployed,common_ish,1,"",""
2000-word review,depressurization,common_ish,1,"",""
2000-word review,design,common_ish,1,"",""
2000-word review,despots,common_ish,1,"",""
2000-word review,destalk,common_ish,1,"",""
2000-word review,destroyers,common_ish,1,"",""
2000-word review,dewy,common_ish,1,"",""
2000-word review,dialyze,common_ish,1,"",""
2000-word review,dianoetic,common_ish,1,"",""
2000-word review,dib,common_ish,1,"",""
2000-word review,didst,common_ish,1,"",""
2000-word review,dieted,common_ish,1,"",""
2000-word review,diff,common_ish,1,"",""
2000-word review,differential,common_ish,1,"",""
2000-word review,dined,common_ish,1,"",""
2000-word review,dingoes,common_ish,1,"",""
2000-word review,diorama,common_ish,1,"",""
2000-word review,diplomatic,common_ish,1,"",""
2000-word review,disabuses,common_ish,1,"",""
2000-word review,disappoint,common_ish,1,"",""
2000-word review,disbar,common_ish,1,"",""
2000-word review,disbarment,common_ish,1,"",""
2000-word review,discoverer,common_ish,1,"",""
2000-word review,discriminating,common_ish,1,"",""
2000-word review,disease,common_ish,1,"",""
2000-word review,diseased,common_ish,1,"",""
2000-word review,disgracing,common_ish,1,"",""
2000-word review,disobey,common_ish,1,"",""
2000-word review,dispatches,common_ish,1,"",""
2000-word review,dispelled,common_ish,1,"",""
2000-word review,disrespecting,common_ish,1,"",""
2000-word review,disrupt,common_ish,1,"",""
2000-word review,distill,common_ish,1,"",""
2000-word review,divided,common_ish,1,"",""
2000-word review,divining,common_ish,1,"",""
2000-word review,dizzy,common_ish,1,"",""
2000-word review,docudrama,common_ish,1,"",""
2000-word review,dog,common_ish,1,"",""
2000-word review,dojos,common_ish,1,"",""
2000-word review,dolma,common_ish,1,"",""
2000-word review,dominating,common_ish,1,"",""
2000-word review,done,common_ish,1,"",""
2000-word review,donning,common_ish,1,"",""
2000-word review,donors,common_ish,1,"",""
2000-word review,doozy,common_ish,1,"",""
2000-word review,dosed,common_ish,1,"",""
2000-word review,dossier,common_ish,1,"",""
2000-word review,doubloons,common_ish,1,"",""
2000-word review,doxx,common_ish,1,"",""
2000-word review,drabble,common_ish,1,"",""
2000-word review,dresser,common_ish,1,"",""
2000-word review,drew,common_ish,1,"",""
2000-word review,drew,common_ish,1,"",""
2000-word review,drony,common_ish,1,"",""
2000-word review,dropcloth,common_ish,1,"",""
2000-word review,dropsite,common_ish,1,"",""
2000-word review,drow,common_ish,1,"",""
2000-word review,dry,common_ish,1,"",""
2000-word review,dulcet,common_ish,1,"",""
2000-word review,duly,common_ish,1,"",""
2000-word review,dump,common_ish,1,"",""
2000-word review,dunks,common_ish,1,"",""
2000-word review,dupe,common_ish,1,"",""
2000-word review,durability,common_ish,1,"",""
2000-word review,dyslexia,common_ish,1,"",""
2000-word review,dénouement,common_ish,1,"",""
2000-word review,dénouement,common_ish,1,"",""
2000-word review,east,common_ish,1,"",""
2000-word review,east,common_ish,1,"",""
2000-word review,echinoid,common_ish,1,"",""
2000-word review,eclair,common_ish,1,"",""
2000-word review,economy,common_ish,1,"",""
2000-word review,ed,common_ish,1,"",""
2000-word review,eddies,common_ish,1,"",""
2000-word review,editorial,common_ish,1,"",""
2000-word review,egosurf,common_ish,1,"",""
2000-word review,egret,common_ish,1,"",""
2000-word review,elegiac,common_ish,1,"",""
2000-word review,emanations,common_ish,1,"",""
2000-word review,embalm,common_ish,1,"",""
2000-word review,embarks,common_ish,1,"",""
2000-word review,emerged,common_ish,1,"",""
2000-word review,emergence,common_ish,1,"",""
2000-word review,emittance,common_ish,1,"",""
2000-word review,emotag,common_ish,1,"",""
2000-word review,emoticon,common_ish,1,"",""
2000-word review,emotive,common_ish,1,"",""
2000-word review,empyreal,common_ish,1,"",""
2000-word review,enchanting,common_ish,1,"",""
2000-word review,encounter,common_ish,1,"",""
2000-word review,endeavour,common_ish,1,"",""
2000-word review,endemic,common_ish,1,"",""
2000-word review,endometritis,common_ish,1,"",""
2000-word review,endotracheal,common_ish,1,"",""
2000-word review,enforcement,common_ish,1,"",""
2000-word review,engrieve,common_ish,1,"",""
2000-word review,enhancer,common_ish,1,"",""
2000-word review,enlightens,common_ish,1,"",""
2000-word review,enmist,common_ish,1,"",""
2000-word review,ensure,common_ish,1,"",""
2000-word review,entoil,common_ish,1,"",""
2000-word review,entrail,common_ish,1,"",""
2000-word review,entwine,common_ish,1,"",""
2000-word review,episodic,common_ish,1,"",""
2000-word review,eraser,common_ish,1,"",""
2000-word review,essentials,common_ish,1,"",""
2000-word review,esteem,common_ish,1,"",""
2000-word review,eudora,common_ish,1,"",""
2000-word review,evangelists,common_ish,1,"",""
2000-word review,evangelists,common_ish,1,"",""
2000-word review,eviscerating,common_ish,1,"",""
2000-word review,examines,common_ish,1,"",""
2000-word review,excitation,common_ish,1,"",""
2000-word review,excretion,common_ish,1,"",""
2000-word review,existent,common_ish,1,"",""
2000-word review,exists,common_ish,1,"",""
2000-word review,exobiologist,common_ish,1,"",""
2000-word review,expat,common_ish,1,"",""
2000-word review,expels,common_ish,1,"",""
2000-word review,extract,common_ish,1,"",""
2000-word review,facebook,common_ish,1,"",""
2000-word review,faceup,common_ish,1,"",""
2000-word review,facilitate,common_ish,1,"",""
2000-word review,fallen,common_ish,1,"",""
2000-word review,fandango,common_ish,1,"",""
2000-word review,fang,common_ish,1,"",""
2000-word review,fanny,common_ish,1,"",""
2000-word review,fantastique,common_ish,1,"",""
2000-word review,farmost,common_ish,1,"",""
2000-word review,fascinate,common_ish,1,"",""
2000-word review,fatherland,common_ish,1,"",""
2000-word review,favelas,common_ish,1,"",""
2000-word review,femininity,common_ish,1,"",""
2000-word review,feni,common_ish,1,"",""
2000-word review,fennel,common_ish,1,"",""
2000-word review,fibre,common_ish,1,"",""
2000-word review,fibres,common_ish,1,"",""
2000-word review,fibster,common_ish,1,"",""
2000-word review,fiddly,common_ish,1,"",""
2000-word review,fiesta,common_ish,1,"",""
2000-word review,figurine,common_ish,1,"",""
2000-word review,file,common_ish,1,"",""
2000-word review,finna,common_ish,1,"",""
2000-word review,finnigan,common_ish,1,"",""
2000-word review,finnish,common_ish,1,"",""
2000-word review,firedog,common_ish,1,"",""
2000-word review,firefly,common_ish,1,"",""
2000-word review,firsts,common_ish,1,"",""
2000-word review,flabby,common_ish,1,"",""
2000-word review,flies,common_ish,1,"",""
2000-word review,flowed,common_ish,1,"",""
2000-word review,flowerbed,common_ish,1,"",""
2000-word review,fluoridation,common_ish,1,"",""
2000-word review,flutings,common_ish,1,"",""
2000-word review,foist,common_ish,1,"",""
2000-word review,foley,common_ish,1,"",""
2000-word review,forages,common_ish,1,"",""
2000-word review,forbade,common_ish,1,"",""
2000-word review,forelock,common_ish,1,"",""
2000-word review,fountain,common_ish,1,"",""
2000-word review,fragged,common_ish,1,"",""
2000-word review,fragger,common_ish,1,"",""
2000-word review,franked,common_ish,1,"",""
2000-word review,freckles,common_ish,1,"",""
2000-word review,frills,common_ish,1,"",""
2000-word review,fritzing,common_ish,1,"",""
2000-word review,frizzy,common_ish,1,"",""
2000-word review,froyo,common_ish,1,"",""
2000-word review,fruit,common_ish,1,"",""
2000-word review,frunk,common_ish,1,"",""
2000-word review,fuchsias,common_ish,1,"",""
2000-word review,fuckwit,common_ish,1,"",""
2000-word review,funhouse,common_ish,1,"",""
2000-word review,fuses,common_ish,1,"",""
2000-word review,fusing,common_ish,1,"",""
2000-word review,futter,common_ish,1,"",""
2000-word review,futures,common_ish,1,"",""
2000-word review,gallops,common_ish,1,"",""
2000-word review,garçon,common_ish,1,"",""
2000-word review,gazette,common_ish,1,"",""
2000-word review,gazing,common_ish,1,"",""
2000-word review,gems,common_ish,1,"",""
2000-word review,generic,common_ish,1,"",""
2000-word review,gents,common_ish,1,"",""
2000-word review,geoengineering,common_ish,1,"",""
2000-word review,geronimo,common_ish,1,"",""
2000-word review,gherkin,common_ish,1,"",""
2000-word review,ghostie,common_ish,1,"",""
2000-word review,ghostwriter,common_ish,1,"",""
2000-word review,ghostwritten,common_ish,1,"",""
2000-word review,gingers,common_ish,1,"",""
2000-word review,glaswegians,common_ish,1,"",""
2000-word review,gleam,common_ish,1,"",""
2000-word review,gleans,common_ish,1,"",""
2000-word review,glove,common_ish,1,"",""
2000-word review,gnash,common_ish,1,"",""
2000-word review,gobble,common_ish,1,"",""
2000-word review,goddess,common_ish,1,"",""
2000-word review,godforsaken,common_ish,1,"",""
2000-word review,goodbyes,common_ish,1,"",""
2000-word review,goodie,common_ish,1,"",""
2000-word review,gorge,common_ish,1,"",""
2000-word review,gosling,common_ish,1,"",""
2000-word review,gotta,common_ish,1,"",""
2000-word review,gotta,common_ish,1,"",""
2000-word review,grades,common_ish,1,"",""
2000-word review,grayed,common_ish,1,"",""
2000-word review,greasepaint,common_ish,1,"",""
2000-word review,grey,common_ish,1,"",""
2000-word review,grift,common_ish,1,"",""
2000-word review,gropes,common_ish,1,"",""
2000-word review,grower,common_ish,1,"",""
2000-word review,grueling,common_ish,1,"",""
2000-word review,guerrero,common_ish,1,"",""
2000-word review,guest,common_ish,1,"",""
2000-word review,gunk,common_ish,1,"",""
2000-word review,gunship,common_ish,1,"",""
2000-word review,guppies,common_ish,1,"",""
2000-word review,gussy,common_ish,1,"",""
2000-word review,gyrocenter,common_ish,1,"",""
2000-word review,ha,common_ish,1,"",""
2000-word review,hackneys,common_ish,1,"",""
2000-word review,hairless,common_ish,1,"",""
2000-word review,hallows,common_ish,1,"",""
2000-word review,hamiltonians,common_ish,1,"",""
2000-word review,handhelds,common_ish,1,"",""
2000-word review,handprint,common_ish,1,"",""
2000-word review,hashing,common_ish,1,"",""
2000-word review,hashish,common_ish,1,"",""
2000-word review,haulage,common_ish,1,"",""
2000-word review,headed,common_ish,1,"",""
2000-word review,headers,common_ish,1,"",""
2000-word review,heaf,common_ish,1,"",""
2000-word review,heapy,common_ish,1,"",""
2000-word review,heartthrob,common_ish,1,"",""
2000-word review,hegemon,common_ish,1,"",""
2000-word review,hellish,common_ish,1,"",""
2000-word review,helotry,common_ish,1,"",""
2000-word review,hep,common_ish,1,"",""
2000-word review,hereafter,common_ish,1,"",""
2000-word review,heron,common_ish,1,"",""
2000-word review,hibernation,common_ish,1,"",""
2000-word review,highfalutin,common_ish,1,"",""
2000-word review,hijab,common_ish,1,"",""
2000-word review,hillside,common_ish,1,"",""
2000-word review,hivemind,common_ish,1,"",""
2000-word review,hoar,common_ish,1,"",""
2000-word review,hobbies,common_ish,1,"",""
2000-word review,hodge,common_ish,1,"",""
2000-word review,holier,common_ish,1,"",""
2000-word review,holist,common_ish,1,"",""
2000-word review,hollers,common_ish,1,"",""
2000-word review,holster,common_ish,1,"",""
2000-word review,hooded,common_ish,1,"",""
2000-word review,hooty,common_ish,1,"",""
2000-word review,horsehead,common_ish,1,"",""
2000-word review,hotline,common_ish,1,"",""
2000-word review,hottie,common_ish,1,"",""
2000-word review,housecar,common_ish,1,"",""
2000-word review,hovel,common_ish,1,"",""
2000-word review,howitzer,common_ish,1,"",""
2000-word review,huggy,common_ish,1,"",""
2000-word review,hula,common_ish,1,"",""
2000-word review,hummer,common_ish,1,"",""
2000-word review,hunts,common_ish,1,"",""
2000-word review,huzzah,common_ish,1,"",""
2000-word review,hydrangeas,common_ish,1,"",""
2000-word review,hyperactivity,common_ish,1,"",""
2000-word review,hypernephroma,common_ish,1,"",""
2000-word review,idealism,common_ish,1,"",""
2000-word review,idealistic,common_ish,1,"",""
2000-word review,identifying,common_ish,1,"",""
2000-word review,iffier,common_ish,1,"",""
2000-word review,ignored,common_ish,1,"",""
2000-word review,illuminated,common_ish,1,"",""
2000-word review,illumine,common_ish,1,"",""
2000-word review,illyrian,common_ish,1,"",""
2000-word review,imaginarium,common_ish,1,"",""
2000-word review,imagineerings,common_ish,1,"",""
2000-word review,immersion,common_ish,1,"",""
2000-word review,immovable,common_ish,1,"",""
2000-word review,implicature,common_ish,1,"",""
2000-word review,imply,common_ish,1,"",""
2000-word review,impoverish,common_ish,1,"",""
2000-word review,incurs,common_ish,1,"",""
2000-word review,indecision,common_ish,1,"",""
2000-word review,indexer,common_ish,1,"",""
2000-word review,inexorable,common_ish,1,"",""
2000-word review,infected,common_ish,1,"",""
2000-word review,inferred,common_ish,1,"",""
2000-word review,infliction,common_ish,1,"",""
2000-word review,infringe,common_ish,1,"",""
2000-word review,injunction,common_ish,1,"",""
2000-word review,injunctive,common_ish,1,"",""
2000-word review,innie,common_ish,1,"",""
2000-word review,innit,common_ish,1,"",""
2000-word review,inoculation,common_ish,1,"",""
2000-word review,inoculation,common_ish,1,"",""
2000-word review,inside,common_ish,1,"",""
2000-word review,institutional,common_ish,1,"",""
2000-word review,instop,common_ish,1,"",""
2000-word review,interactive,common_ish,1,"",""
2000-word review,interacts,common_ish,1,"",""
2000-word review,intermingle,common_ish,1,"",""
2000-word review,interoceanic,common_ish,1,"",""
2000-word review,interred,common_ish,1,"",""
2000-word review,intersect,common_ish,1,"",""
2000-word review,intracardiac,common_ish,1,"",""
2000-word review,intramurals,common_ish,1,"",""
2000-word review,introduce,common_ish,1,"",""
2000-word review,inverse,common_ish,1,"",""
2000-word review,irreverence,common_ish,1,"",""
2000-word review,isothermal,common_ish,1,"",""
2000-word review,issue,common_ish,1,"",""
2000-word review,jacinth,common_ish,1,"",""
2000-word review,jade,common_ish,1,"",""
2000-word review,jag,common_ish,1,"",""
2000-word review,jaguar,common_ish,1,"",""
2000-word review,jake,common_ish,1,"",""
2000-word review,jamborees,common_ish,1,"",""
2000-word review,jar,common_ish,1,"",""
2000-word review,jawn,common_ish,1,"",""
2000-word review,jean,common_ish,1,"",""
2000-word review,jeanette,common_ish,1,"",""
2000-word review,jeep,common_ish,1,"",""
2000-word review,jefe,common_ish,1,"",""
2000-word review,jelling,common_ish,1,"",""
2000-word review,jerkins,common_ish,1,"",""
2000-word review,jetting,common_ish,1,"",""
2000-word review,jim,common_ish,1,"",""
2000-word review,jizz,common_ish,1,"",""
2000-word review,joins,common_ish,1,"",""
2000-word review,jojoba,common_ish,1,"",""
2000-word review,joking,common_ish,1,"",""
2000-word review,juanita,common_ish,1,"",""
2000-word review,jubbly,common_ish,1,"",""
2000-word review,jubilation,common_ish,1,"",""
2000-word review,jungle,common_ish,1,"",""
2000-word review,juris,common_ish,1,"",""
2000-word review,jute,common_ish,1,"",""
2000-word review,kamchatka,common_ish,1,"",""
2000-word review,katana,common_ish,1,"",""
2000-word review,keeled,common_ish,1,"",""
2000-word review,ken,common_ish,1,"",""
2000-word review,kewl,common_ish,1,"",""
2000-word review,keygen,common_ish,1,"",""
2000-word review,keys,common_ish,1,"",""
2000-word review,kiddy,common_ish,1,"",""
2000-word review,kindles,common_ish,1,"",""
2000-word review,kinky,common_ish,1,"",""
2000-word review,klutz,common_ish,1,"",""
2000-word review,knackers,common_ish,1,"",""
2000-word review,knitster,common_ish,1,"",""
2000-word review,knitters,common_ish,1,"",""
2000-word review,knockdowns,common_ish,1,"",""
2000-word review,knockings,common_ish,1,"",""
2000-word review,knox,common_ish,1,"",""
2000-word review,knox,common_ish,1,"",""
2000-word review,labor,common_ish,1,"",""
2000-word review,lacrimal,common_ish,1,"",""
2000-word review,lait,common_ish,1,"",""
2000-word review,lakers,common_ish,1,"",""
2000-word review,lakes,common_ish,1,"",""
2000-word review,lakhs,common_ish,1,"",""
2000-word review,lam,common_ish,1,"",""
2000-word review,lambswool,common_ish,1,"",""
2000-word review,lamentations,common_ish,1,"",""
2000-word review,lances,common_ish,1,"",""
2000-word review,landsat,common_ish,1,"",""
2000-word review,lapse,common_ish,1,"",""
2000-word review,larks,common_ish,1,"",""
2000-word review,latrines,common_ish,1,"",""
2000-word review,lauded,common_ish,1,"",""
2000-word review,launching,common_ish,1,"",""
2000-word review,laurels,common_ish,1,"",""
2000-word review,leaderboard,common_ish,1,"",""
2000-word review,leadup,common_ish,1,"",""
2000-word review,leaves,common_ish,1,"",""
2000-word review,lectress,common_ish,1,"",""
2000-word review,lee,common_ish,1,"",""
2000-word review,leeds,common_ish,1,"",""
2000-word review,legendarium,common_ish,1,"",""
2000-word review,lemme,common_ish,1,"",""
2000-word review,lengths,common_ish,1,"",""
2000-word review,lesser,common_ish,1,"",""
2000-word review,lifted,common_ish,1,"",""
2000-word review,likes,common_ish,1,"",""
2000-word review,lintels,common_ish,1,"",""
2000-word review,littlest,common_ish,1,"",""
2000-word review,locas,common_ish,1,"",""
2000-word review,locket,common_ish,1,"",""
2000-word review,locks,common_ish,1,"",""
2000-word review,locks,common_ish,1,"",""
2000-word review,locomotion,common_ish,1,"",""
2000-word review,lordy,common_ish,1,"",""
2000-word review,lorraine,common_ish,1,"",""
2000-word review,lotus,common_ish,1,"",""
2000-word review,loup,common_ish,1,"",""
2000-word review,louse,common_ish,1,"",""
2000-word review,lowest,common_ish,1,"",""
2000-word review,lucas,common_ish,1,"",""
2000-word review,lucked,common_ish,1,"",""
2000-word review,lug,common_ish,1,"",""
2000-word review,lugged,common_ish,1,"",""
2000-word review,lunging,common_ish,1,"",""
2000-word review,lungs,common_ish,1,"",""
2000-word review,lushy,common_ish,1,"",""
2000-word review,mabon,common_ish,1,"",""
2000-word review,mabon,common_ish,1,"",""
2000-word review,mac,common_ish,1,"",""
2000-word review,macaroon,common_ish,1,"",""
2000-word review,macchio,common_ish,1,"",""
2000-word review,macerate,common_ish,1,"",""
2000-word review,madames,common_ish,1,"",""
2000-word review,magnifier,common_ish,1,"",""
2000-word review,maid,common_ish,1,"",""
2000-word review,mailbox,common_ish,1,"",""
2000-word review,maness,common_ish,1,"",""
2000-word review,manet,common_ish,1,"",""
2000-word review,manged,common_ish,1,"",""
2000-word review,manichean,common_ish,1,"",""
2000-word review,mannish,common_ish,1,"",""
2000-word review,manos,common_ish,1,"",""
2000-word review,maracas,common_ish,1,"",""
2000-word review,march,common_ish,1,"",""
2000-word review,marcher,common_ish,1,"",""
2000-word review,marcos,common_ish,1,"",""
2000-word review,mares,common_ish,1,"",""
2000-word review,marketeers,common_ish,1,"",""
2000-word review,marketise,common_ish,1,"",""
2000-word review,marrows,common_ish,1,"",""
2000-word review,masculinization,common_ish,1,"",""
2000-word review,mashers,common_ish,1,"",""
2000-word review,mashing,common_ish,1,"",""
2000-word review,massa,common_ish,1,"",""
2000-word review,mastering,common_ish,1,"",""
2000-word review,mat,common_ish,1,"",""
2000-word review,matey,common_ish,1,"",""
2000-word review,matias,common_ish,1,"",""
2000-word review,matie,common_ish,1,"",""
2000-word review,matte,common_ish,1,"",""
2000-word review,mausoleum,common_ish,1,"",""
2000-word review,maven,common_ish,1,"",""
2000-word review,meekest,common_ish,1,"",""
2000-word review,megafan,common_ish,1,"",""
2000-word review,megalodisc,common_ish,1,"",""
2000-word review,melanomas,common_ish,1,"",""
2000-word review,melee,common_ish,1,"",""
2000-word review,mensch,common_ish,1,"",""
2000-word review,meredith,common_ish,1,"",""
2000-word review,merlady,common_ish,1,"",""
2000-word review,mesolithic,common_ish,1,"",""
2000-word review,mess,common_ish,1,"",""
2000-word review,messing,common_ish,1,"",""
2000-word review,metaverse,common_ish,1,"",""
2000-word review,microchips,common_ish,1,"",""
2000-word review,microculture,common_ish,1,"",""
2000-word review,micromanage,common_ish,1,"",""
2000-word review,micromanage,common_ish,1,"",""
2000-word review,midgie,common_ish,1,"",""
2000-word review,midtone,common_ish,1,"",""
2000-word review,mildest,common_ish,1,"",""
2000-word review,mill,common_ish,1,"",""
2000-word review,minigun,common_ish,1,"",""
2000-word review,misdiagnose,common_ish,1,"",""
2000-word review,missy,common_ish,1,"",""
2000-word review,mixes,common_ish,1,"",""
2000-word review,mom,common_ish,1,"",""
2000-word review,monde,common_ish,1,"",""
2000-word review,mondes,common_ish,1,"",""
2000-word review,monograms,common_ish,1,"",""
2000-word review,monty,common_ish,1,"",""
2000-word review,mood,common_ish,1,"",""
2000-word review,moonglow,common_ish,1,"",""
2000-word review,moonrise,common_ish,1,"",""
2000-word review,moorings,common_ish,1,"",""
2000-word review,mourned,common_ish,1,"",""
2000-word review,mouth,common_ish,1,"",""
2000-word review,mow,common_ish,1,"",""
2000-word review,mows,common_ish,1,"",""
2000-word review,muckier,common_ish,1,"",""
2000-word review,mumu,common_ish,1,"",""
2000-word review,mused,common_ish,1,"",""
2000-word review,musicale,common_ish,1,"",""
2000-word review,myopic,common_ish,1,"",""
2000-word review,myron,common_ish,1,"",""
2000-word review,myspace,common_ish,1,"",""
2000-word review,nancy,common_ish,1,"",""
2000-word review,nanoid,common_ish,1,"",""
2000-word review,nappy,common_ish,1,"",""
2000-word review,narcos,common_ish,1,"",""
2000-word review,narrows,common_ish,1,"",""
2000-word review,nativity,common_ish,1,"",""
2000-word review,neared,common_ish,1,"",""
2000-word review,nearer,common_ish,1,"",""
2000-word review,neddy,common_ish,1,"",""
2000-word review,negging,common_ish,1,"",""
2000-word review,neighbors,common_ish,1,"",""
2000-word review,neoconservative,common_ish,1,"",""
2000-word review,neurologist,common_ish,1,"",""
2000-word review,neurosurgery,common_ish,1,"",""
2000-word review,newbie,common_ish,1,"",""
2000-word review,niche,common_ish,1,"",""
2000-word review,nicomachean,common_ish,1,"",""
2000-word review,nictation,common_ish,1,"",""
2000-word review,nictitation,common_ish,1,"",""
2000-word review,niggled,common_ish,1,"",""
2000-word review,nighters,common_ish,1,"",""
2000-word review,nixes,common_ish,1,"",""
2000-word review,nomine,common_ish,1,"",""
2000-word review,noncyclist,common_ish,1,"",""
2000-word review,nonesuch,common_ish,1,"",""
2000-word review,nonexclusive,common_ish,1,"",""
2000-word review,nonhumans,common_ish,1,"",""
2000-word review,nonminer,common_ish,1,"",""
2000-word review,nonresponsive,common_ish,1,"",""
2000-word review,nonsectarian,common_ish,1,"",""
2000-word review,nonserious,common_ish,1,"",""
2000-word review,nonsinglet,common_ish,1,"",""
2000-word review,noonday,common_ish,1,"",""
2000-word review,nori,common_ish,1,"",""
2000-word review,notice,common_ish,1,"",""
2000-word review,nut,common_ish,1,"",""
2000-word review,oath,common_ish,1,"",""
2000-word review,obedience,common_ish,1,"",""
2000-word review,obfuscation,common_ish,1,"",""
2000-word review,obits,common_ish,1,"",""
2000-word review,obliviate,common_ish,1,"",""
2000-word review,obscenity,common_ish,1,"",""
2000-word review,obstructed,common_ish,1,"",""
2000-word review,obstructive,common_ish,1,"",""
2000-word review,obstructive,common_ish,1,"",""
2000-word review,obtaining,common_ish,1,"",""
2000-word review,occuring,common_ish,1,"",""
2000-word review,oedipal,common_ish,1,"",""
2000-word review,offie,common_ish,1,"",""
2000-word review,offsetting,common_ish,1,"",""
2000-word review,ogham,common_ish,1,"",""
2000-word review,oilskin,common_ish,1,"",""
2000-word review,okayed,common_ish,1,"",""
2000-word review,oldham,common_ish,1,"",""
2000-word review,open,common_ish,1,"",""
2000-word review,ophan,common_ish,1,"",""
2000-word review,orally,common_ish,1,"",""
2000-word review,orb,common_ish,1,"",""
2000-word review,ostracism,common_ish,1,"",""
2000-word review,outdare,common_ish,1,"",""
2000-word review,outnight,common_ish,1,"",""
2000-word review,outsew,common_ish,1,"",""
2000-word review,outspent,common_ish,1,"",""
2000-word review,overcharging,common_ish,1,"",""
2000-word review,overlip,common_ish,1,"",""
2000-word review,overproducing,common_ish,1,"",""
2000-word review,overproduction,common_ish,1,"",""
2000-word review,oversharing,common_ish,1,"",""
2000-word review,overtax,common_ish,1,"",""
2000-word review,owlery,common_ish,1,"",""
2000-word review,pace,common_ish,1,"",""
2000-word review,pad,common_ish,1,"",""
2000-word review,paddling,common_ish,1,"",""
2000-word review,palest,common_ish,1,"",""
2000-word review,panegyric,common_ish,1,"",""
2000-word review,panton,common_ish,1,"",""
2000-word review,papers,common_ish,1,"",""
2000-word review,papoose,common_ish,1,"",""
2000-word review,paraconsistent,common_ish,1,"",""
2000-word review,parading,common_ish,1,"",""
2000-word review,parkings,common_ish,1,"",""
2000-word review,partite,common_ish,1,"",""
2000-word review,passing,common_ish,1,"",""
2000-word review,paster,common_ish,1,"",""
2000-word review,paternal,common_ish,1,"",""
2000-word review,pavlovian,common_ish,1,"",""
2000-word review,payphone,common_ish,1,"",""
2000-word review,pdocf,common_ish,1,"",""
2000-word review,pen,common_ish,1,"",""
2000-word review,penster,common_ish,1,"",""
2000-word review,pentagonal,common_ish,1,"",""
2000-word review,peppy,common_ish,1,"",""
2000-word review,perchlorate,common_ish,1,"",""
2000-word review,percuss,common_ish,1,"",""
2000-word review,peritoneum,common_ish,1,"",""
2000-word review,permissions,common_ish,1,"",""
2000-word review,peroxides,common_ish,1,"",""
2000-word review,persistent,common_ish,1,"",""
2000-word review,person,common_ish,1,"",""
2000-word review,perspired,common_ish,1,"",""
2000-word review,persuade,common_ish,1,"",""
2000-word review,persuaders,common_ish,1,"",""
2000-word review,persuaders,common_ish,1,"",""
2000-word review,pertains,common_ish,1,"",""
2000-word review,pestle,common_ish,1,"",""
2000-word review,pet,common_ish,1,"",""
2000-word review,photog,common_ish,1,"",""
2000-word review,photomultiplier,common_ish,1,"",""
2000-word review,photovoltaic,common_ish,1,"",""
2000-word review,phrasemaker,common_ish,1,"",""
2000-word review,picturization,common_ish,1,"",""
2000-word review,pinball,common_ish,1,"",""
2000-word review,pinheads,common_ish,1,"",""
2000-word review,piquing,common_ish,1,"",""
2000-word review,pished,common_ish,1,"",""
2000-word review,pistols,common_ish,1,"",""
2000-word review,pitty,common_ish,1,"",""
2000-word review,pizazz,common_ish,1,"",""
2000-word review,plaid,common_ish,1,"",""
2000-word review,plats,common_ish,1,"",""
2000-word review,playas,common_ish,1,"",""
2000-word review,ploughs,common_ish,1,"",""
2000-word review,plumper,common_ish,1,"",""
2000-word review,plunking,common_ish,1,"",""
2000-word review,plunks,common_ish,1,"",""
2000-word review,podcasters,common_ish,1,"",""
2000-word review,pogroms,common_ish,1,"",""
2000-word review,polities,common_ish,1,"",""
2000-word review,pollens,common_ish,1,"",""
2000-word review,polygynous,common_ish,1,"",""
2000-word review,polyhe,common_ish,1,"",""
2000-word review,pooing,common_ish,1,"",""
2000-word review,popo,common_ish,1,"",""
2000-word review,populating,common_ish,1,"",""
2000-word review,poset,common_ish,1,"",""
2000-word review,possessionless,common_ish,1,"",""
2000-word review,possessionlessness,common_ish,1,"",""
2000-word review,possessive,common_ish,1,"",""
2000-word review,postings,common_ish,1,"",""
2000-word review,pottery,common_ish,1,"",""
2000-word review,predators,common_ish,1,"",""
2000-word review,predicates,common_ish,1,"",""
2000-word review,predictability,common_ish,1,"",""
2000-word review,pregnable,common_ish,1,"",""
2000-word review,pregnable,common_ish,1,"",""
2000-word review,prehensile,common_ish,1,"",""
2000-word review,prelab,common_ish,1,"",""
2000-word review,preparing,common_ish,1,"",""
2000-word review,preprogram,common_ish,1,"",""
2000-word review,pressing,common_ish,1,"",""
2000-word review,primavera,common_ish,1,"",""
2000-word review,prizefight,common_ish,1,"",""
2000-word review,probational,common_ish,1,"",""
2000-word review,prognosticator,common_ish,1,"",""
2000-word review,prognosticator,common_ish,1,"",""
2000-word review,projects,common_ish,1,"",""
2000-word review,prolific,common_ish,1,"",""
2000-word review,promotional,common_ish,1,"",""
2000-word review,propositioning,common_ish,1,"",""
2000-word review,protagonists,common_ish,1,"",""
2000-word review,protective,common_ish,1,"",""
2000-word review,protrusions,common_ish,1,"",""
2000-word review,pteranodon,common_ish,1,"",""
2000-word review,pterion,common_ish,1,"",""
2000-word review,pubescence,common_ish,1,"",""
2000-word review,puke,common_ish,1,"",""
2000-word review,punchball,common_ish,1,"",""
2000-word review,putrescence,common_ish,1,"",""
2000-word review,puzzlers,common_ish,1,"",""
2000-word review,pythonic,common_ish,1,"",""
2000-word review,quart,common_ish,1,"",""
2000-word review,quarter,common_ish,1,"",""
2000-word review,quickies,common_ish,1,"",""
2000-word review,quizzical,common_ish,1,"",""
2000-word review,quotas,common_ish,1,"",""
2000-word review,racebook,common_ish,1,"",""
2000-word review,radiance,common_ish,1,"",""
2000-word review,ragey,common_ish,1,"",""
2000-word review,rationality,common_ish,1,"",""
2000-word review,rattan,common_ish,1,"",""
2000-word review,readdress,common_ish,1,"",""
2000-word review,readied,common_ish,1,"",""
2000-word review,readied,common_ish,1,"",""
2000-word review,readings,common_ish,1,"",""
2000-word review,realise,common_ish,1,"",""
2000-word review,realizations,common_ish,1,"",""
2000-word review,ream,common_ish,1,"",""
2000-word review,reassignments,common_ish,1,"",""
2000-word review,rebegin,common_ish,1,"",""
2000-word review,rebinding,common_ish,1,"",""
2000-word review,reboard,common_ish,1,"",""
2000-word review,reburial,common_ish,1,"",""
2000-word review,recalibration,common_ish,1,"",""
2000-word review,recapitalization,common_ish,1,"",""
2000-word review,reconcentration,common_ish,1,"",""
2000-word review,recrossing,common_ish,1,"",""
2000-word review,recrossing,common_ish,1,"",""
2000-word review,rectory,common_ish,1,"",""
2000-word review,redid,common_ish,1,"",""
2000-word review,rediscover,common_ish,1,"",""
2000-word review,redoubles,common_ish,1,"",""
2000-word review,redrafting,common_ish,1,"",""
2000-word review,redraws,common_ish,1,"",""
2000-word review,reducers,common_ish,1,"",""
2000-word review,redux,common_ish,1,"",""
2000-word review,reenters,common_ish,1,"",""
2000-word review,reentrant,common_ish,1,"",""
2000-word review,reflash,common_ish,1,"",""
2000-word review,refund,common_ish,1,"",""
2000-word review,regaining,common_ish,1,"",""
2000-word review,regenerator,common_ish,1,"",""
2000-word review,reinstalling,common_ish,1,"",""
2000-word review,reinterred,common_ish,1,"",""
2000-word review,rejiggering,common_ish,1,"",""
2000-word review,relation,common_ish,1,"",""
2000-word review,relief,common_ish,1,"",""
2000-word review,reliever,common_ish,1,"",""
2000-word review,relift,common_ish,1,"",""
2000-word review,remember,common_ish,1,"",""
2000-word review,reminisced,common_ish,1,"",""
2000-word review,remodulate,common_ish,1,"",""
2000-word review,remortgage,common_ish,1,"",""
2000-word review,removing,common_ish,1,"",""
2000-word review,remow,common_ish,1,"",""
2000-word review,repairmen,common_ish,1,"",""
2000-word review,repeats,common_ish,1,"",""
2000-word review,reperch,common_ish,1,"",""
2000-word review,reperfusion,common_ish,1,"",""
2000-word review,repetitive,common_ish,1,"",""
2000-word review,replate,common_ish,1,"",""
2000-word review,required,common_ish,1,"",""
2000-word review,reserved,common_ish,1,"",""
2000-word review,reserves,common_ish,1,"",""
2000-word review,reside,common_ish,1,"",""
2000-word review,responses,common_ish,1,"",""
2000-word review,retirements,common_ish,1,"",""
2000-word review,retold,common_ish,1,"",""
2000-word review,retrad,common_ish,1,"",""
2000-word review,retrieve,common_ish,1,"",""
2000-word review,revamping,common_ish,1,"",""
2000-word review,rewatches,common_ish,1,"",""
2000-word review,rezoning,common_ish,1,"",""
2000-word review,rhinitis,common_ish,1,"",""
2000-word review,rid,common_ish,1,"",""
2000-word review,rightful,common_ish,1,"",""
2000-word review,rigoletto,common_ish,1,"",""
2000-word review,ripened,common_ish,1,"",""
2000-word review,robodoc,common_ish,1,"",""
2000-word review,rosetta,common_ish,1,"",""
2000-word review,rosette,common_ish,1,"",""
2000-word review,roughness,common_ish,1,"",""
2000-word review,rounders,common_ish,1,"",""
2000-word review,routh,common_ish,1,"",""
2000-word review,rumblings,common_ish,1,"",""
2000-word review,rummy,common_ish,1,"",""
2000-word review,rundown,common_ish,1,"",""
2000-word review,rundowns,common_ish,1,"",""
2000-word review,russell,common_ish,1,"",""
2000-word review,russias,common_ish,1,"",""
2000-word review,rustles,common_ish,1,"",""
2000-word review,rutting,common_ish,1,"",""
2000-word review,saboteurs,common_ish,1,"",""
2000-word review,saccade,common_ish,1,"",""
2000-word review,sacre,common_ish,1,"",""
2000-word review,sailboat,common_ish,1,"",""
2000-word review,sailings,common_ish,1,"",""
2000-word review,salado,common_ish,1,"",""
2000-word review,salicylic,common_ish,1,"",""
2000-word review,sallies,common_ish,1,"",""
2000-word review,salvadore,common_ish,1,"",""
2000-word review,sandford,common_ish,1,"",""
2000-word review,satay,common_ish,1,"",""
2000-word review,satsumas,common_ish,1,"",""
2000-word review,savable,common_ish,1,"",""
2000-word review,scamper,common_ish,1,"",""
2000-word review,scandinavia,common_ish,1,"",""
2000-word review,scape,common_ish,1,"",""
2000-word review,scape,common_ish,1,"",""
2000-word review,scenario,common_ish,1,"",""
2000-word review,sceneries,common_ish,1,"",""
2000-word review,schillings,common_ish,1,"",""
2000-word review,scleroderma,common_ish,1,"",""
2000-word review,scoliosis,common_ish,1,"",""
2000-word review,scrums,common_ish,1,"",""
2000-word review,scry,common_ish,1,"",""
2000-word review,seconds,common_ish,1,"",""
2000-word review,seconds,common_ish,1,"",""
2000-word review,sector,common_ish,1,"",""
2000-word review,senora,common_ish,1,"",""
2000-word review,sepoys,common_ish,1,"",""
2000-word review,serbs,common_ish,1,"",""
2000-word review,serendipitous,common_ish,1,"",""
2000-word review,serpentine,common_ish,1,"",""
2000-word review,serviette,common_ish,1,"",""
2000-word review,set,common_ish,1,"",""
2000-word review,settling,common_ish,1,"",""
2000-word review,severs,common_ish,1,"",""
2000-word review,sexing,common_ish,1,"",""
2000-word review,señores,common_ish,1,"",""
2000-word review,shadowbox,common_ish,1,"",""
2000-word review,shadowless,common_ish,1,"",""
2000-word review,shaggiest,common_ish,1,"",""
2000-word review,shah,common_ish,1,"",""
2000-word review,shaker,common_ish,1,"",""
2000-word review,shaking,common_ish,1,"",""
2000-word review,sham,common_ish,1,"",""
2000-word review,shank,common_ish,1,"",""
2000-word review,shape,common_ish,1,"",""
2000-word review,sharper,common_ish,1,"",""
2000-word review,shearings,common_ish,1,"",""
2000-word review,sheathes,common_ish,1,"",""
2000-word review,sheepshank,common_ish,1,"",""
2000-word review,shifting,common_ish,1,"",""
2000-word review,shinola,common_ish,1,"",""
2000-word review,shirley,common_ish,1,"",""
2000-word review,shitting,common_ish,1,"",""
2000-word review,shivered,common_ish,1,"",""
2000-word review,shootings,common_ish,1,"",""
2000-word review,showground,common_ish,1,"",""
2000-word review,showier,common_ish,1,"",""
2000-word review,shrek,common_ish,1,"",""
2000-word review,shucks,common_ish,1,"",""
2000-word review,sicle,common_ish,1,"",""
2000-word review,sienna,common_ish,1,"",""
2000-word review,siesta,common_ish,1,"",""
2000-word review,sign,common_ish,1,"",""
2000-word review,signifying,common_ish,1,"",""
2000-word review,sim,common_ish,1,"",""
2000-word review,simba,common_ish,1,"",""
2000-word review,simulacrum,common_ish,1,"",""
2000-word review,singlehandedly,common_ish,1,"",""
2000-word review,sinner,common_ish,1,"",""
2000-word review,sip,common_ish,1,"",""
2000-word review,sir,common_ish,1,"",""
2000-word review,sissy,common_ish,1,"",""
2000-word review,skippy,common_ish,1,"",""
2000-word review,skoal,common_ish,1,"",""
2000-word review,skyhook,common_ish,1,"",""
2000-word review,sleeping,common_ish,1,"",""
2000-word review,slights,common_ish,1,"",""
2000-word review,slob,common_ish,1,"",""
2000-word review,slob,common_ish,1,"",""
2000-word review,slog,common_ish,1,"",""
2000-word review,sloped,common_ish,1,"",""
2000-word review,sloped,common_ish,1,"",""
2000-word review,slowen,common_ish,1,"",""
2000-word review,slows,common_ish,1,"",""
2000-word review,snaggletooth,common_ish,1,"",""
2000-word review,snarf,common_ish,1,"",""
2000-word review,snarls,common_ish,1,"",""
2000-word review,sneaking,common_ish,1,"",""
2000-word review,snickers,common_ish,1,"",""
2000-word review,snri,common_ish,1,"",""
2000-word review,snubs,common_ish,1,"",""
2000-word review,soc,common_ish,1,"",""
2000-word review,soccers,common_ish,1,"",""
2000-word review,spain,common_ish,1,"",""
2000-word review,specks,common_ish,1,"",""
2000-word review,spent,common_ish,1,"",""
2000-word review,spherical,common_ish,1,"",""
2000-word review,splice,common_ish,1,"",""
2000-word review,spliced,common_ish,1,"",""
2000-word review,sporty,common_ish,1,"",""
2000-word review,sputters,common_ish,1,"",""
2000-word review,spyglass,common_ish,1,"",""
2000-word review,squatting,common_ish,1,"",""
2000-word review,squeamish,common_ish,1,"",""
2000-word review,squid,common_ish,1,"",""
2000-word review,staider,common_ish,1,"",""
2000-word review,stanned,common_ish,1,"",""
2000-word review,stateside,common_ish,1,"",""
2000-word review,statua,common_ish,1,"",""
2000-word review,statuettes,common_ish,1,"",""
2000-word review,statuses,common_ish,1,"",""
2000-word review,stead,common_ish,1,"",""
2000-word review,steadies,common_ish,1,"",""
2000-word review,steadying,common_ish,1,"",""
2000-word review,stepping,common_ish,1,"",""
2000-word review,sterilization,common_ish,1,"",""
2000-word review,stigmas,common_ish,1,"",""
2000-word review,stiletto,common_ish,1,"",""
2000-word review,stilettos,common_ish,1,"",""
2000-word review,stings,common_ish,1,"",""
2000-word review,stitching,common_ish,1,"",""
2000-word review,stoking,common_ish,1,"",""
2000-word review,stove,common_ish,1,"",""
2000-word review,strands,common_ish,1,"",""
2000-word review,stray,common_ish,1,"",""
2000-word review,stretch,common_ish,1,"",""
2000-word review,strickland,common_ish,1,"",""
2000-word review,stridulating,common_ish,1,"",""
2000-word review,strived,common_ish,1,"",""
2000-word review,studs,common_ish,1,"",""
2000-word review,style,common_ish,1,"",""
2000-word review,stymies,common_ish,1,"",""
2000-word review,subscribing,common_ish,1,"",""
2000-word review,subteen,common_ish,1,"",""
2000-word review,subversive,common_ish,1,"",""
2000-word review,success,common_ish,1,"",""
2000-word review,sucker,common_ish,1,"",""
2000-word review,sudoku,common_ish,1,"",""
2000-word review,suet,common_ish,1,"",""
2000-word review,suffers,common_ish,1,"",""
2000-word review,sugars,common_ish,1,"",""
2000-word review,summa,common_ish,1,"",""
2000-word review,summertime,common_ish,1,"",""
2000-word review,summits,common_ish,1,"",""
2000-word review,sup,common_ish,1,"",""
2000-word review,supercilium,common_ish,1,"",""
2000-word review,suppliers,common_ish,1,"",""
2000-word review,supplies,common_ish,1,"",""
2000-word review,surfactant,common_ish,1,"",""
2000-word review,surfie,common_ish,1,"",""
2000-word review,surfrider,common_ish,1,"",""
2000-word review,surgery,common_ish,1,"",""
2000-word review,surpassing,common_ish,1,"",""
2000-word review,surveil,common_ish,1,"",""
2000-word review,survive,common_ish,1,"",""
2000-word review,suspiciously,common_ish,1,"",""
2000-word review,swaggered,common_ish,1,"",""
2000-word review,swipe,common_ish,1,"",""
2000-word review,swoopy,common_ish,1,"",""
2000-word review,synonymous,common_ish,1,"",""
2000-word review,tabby,common_ish,1,"",""
2000-word review,tableware,common_ish,1,"",""
2000-word review,tachometer,common_ish,1,"",""
2000-word review,tachometer,common_ish,1,"",""
2000-word review,taffy,common_ish,1,"",""
2000-word review,takeaway,common_ish,1,"",""
2000-word review,talesman,common_ish,1,"",""
2000-word review,tanagers,common_ish,1,"",""
2000-word review,tarriance,common_ish,1,"",""
2000-word review,tarsal,common_ish,1,"",""
2000-word review,taxations,common_ish,1,"",""
2000-word review,team,common_ish,1,"",""
2000-word review,teddies,common_ish,1,"",""
2000-word review,teddy,common_ish,1,"",""
2000-word review,teeny,common_ish,1,"",""
2000-word review,telecentre,common_ish,1,"",""
2000-word review,teleport,common_ish,1,"",""
2000-word review,televiewer,common_ish,1,"",""
2000-word review,teller,common_ish,1,"",""
2000-word review,telly,common_ish,1,"",""
2000-word review,tendencies,common_ish,1,"",""
2000-word review,tepee,common_ish,1,"",""
2000-word review,territory,common_ish,1,"",""
2000-word review,tetrahedral,common_ish,1,"",""
2000-word review,tetris,common_ish,1,"",""
2000-word review,thalassotherapist,common_ish,1,"",""
2000-word review,thali,common_ish,1,"",""
2000-word review,there're,common_ish,1,"",""
2000-word review,thermite,common_ish,1,"",""
2000-word review,thirteenth,common_ish,1,"",""
2000-word review,threat,common_ish,1,"",""
2000-word review,throat,common_ish,1,"",""
2000-word review,throes,common_ish,1,"",""
2000-word review,tidbit,common_ish,1,"",""
2000-word review,tier,common_ish,1,"",""
2000-word review,tikka,common_ish,1,"",""
2000-word review,tillerman,common_ish,1,"",""
2000-word review,timmy,common_ish,1,"",""
2000-word review,tin,common_ish,1,"",""
2000-word review,titles,common_ish,1,"",""
2000-word review,toad,common_ish,1,"",""
2000-word review,tobacco,common_ish,1,"",""
2000-word review,today,common_ish,1,"",""
2000-word review,toffee,common_ish,1,"",""
2000-word review,tollhouse,common_ish,1,"",""
2000-word review,tony,common_ish,1,"",""
2000-word review,tooken,common_ish,1,"",""
2000-word review,toolset,common_ish,1,"",""
2000-word review,toput t,common_ish,1,"",""
2000-word review,tote,common_ish,1,"",""
2000-word review,towelettes,common_ish,1,"",""
2000-word review,townies,common_ish,1,"",""
2000-word review,trajectories,common_ish,1,"",""
2000-word review,transact,common_ish,1,"",""
2000-word review,transaction,common_ish,1,"",""
2000-word review,transfected,common_ish,1,"",""
2000-word review,transferable,common_ish,1,"",""
2000-word review,transferral,common_ish,1,"",""
2000-word review,translating,common_ish,1,"",""
2000-word review,transliterations,common_ish,1,"",""
2000-word review,transposing,common_ish,1,"",""
2000-word review,treacher,common_ish,1,"",""
2000-word review,treasured,common_ish,1,"",""
2000-word review,tried,common_ish,1,"",""
2000-word review,trig,common_ish,1,"",""
2000-word review,trousers,common_ish,1,"",""
2000-word review,truer,common_ish,1,"",""
2000-word review,trusses,common_ish,1,"",""
2000-word review,tucker,common_ish,1,"",""
2000-word review,tugged,common_ish,1,"",""
2000-word review,tuitions,common_ish,1,"",""
2000-word review,tuneup,common_ish,1,"",""
2000-word review,tungid,common_ish,1,"",""
2000-word review,turbid,common_ish,1,"",""
2000-word review,turners,common_ish,1,"",""
2000-word review,turns,common_ish,1,"",""
2000-word review,turns,common_ish,1,"",""
2000-word review,turpin,common_ish,1,"",""
2000-word review,tussles,common_ish,1,"",""
2000-word review,tux,common_ish,1,"",""
2000-word review,twere,common_ish,1,"",""
2000-word review,twerking,common_ish,1,"",""
2000-word review,twiny,common_ish,1,"",""
2000-word review,twiny,common_ish,1,"",""
2000-word review,twisty,common_ish,1,"",""
2000-word review,twit,common_ish,1,"",""
2000-word review,twixt,common_ish,1,"",""
2000-word review,ultrarunner,common_ish,1,"",""
2000-word review,ump,common_ish,1,"",""
2000-word review,unaffiliated,common_ish,1,"",""
2000-word review,unbearable,common_ish,1,"",""
2000-word review,unblown,common_ish,1,"",""
2000-word review,unbuild,common_ish,1,"",""
2000-word review,uncollectible,common_ish,1,"",""
2000-word review,uncompounded,common_ish,1,"",""
2000-word review,uncontained,common_ish,1,"",""
2000-word review,uncover,common_ish,1,"",""
2000-word review,uncrook,common_ish,1,"",""
2000-word review,underbet,common_ish,1,"",""
2000-word review,underlie,common_ish,1,"",""
2000-word review,understandings,common_ish,1,"",""
2000-word review,undertook,common_ish,1,"",""
2000-word review,undetected,common_ish,1,"",""
2000-word review,undevil,common_ish,1,"",""
2000-word review,undue,common_ish,1,"",""
2000-word review,unexplainable,common_ish,1,"",""
2000-word review,unfettered,common_ish,1,"",""
2000-word review,unform,common_ish,1,"",""
2000-word review,unfulfilling,common_ish,1,"",""
2000-word review,unghost,common_ish,1,"",""
2000-word review,unglued,common_ish,1,"",""
2000-word review,unhappier,common_ish,1,"",""
2000-word review,unharmed,common_ish,1,"",""
2000-word review,unhorsed,common_ish,1,"",""
2000-word review,uninstall,common_ish,1,"",""
2000-word review,union,common_ish,1,"",""
2000-word review,uniqueness,common_ish,1,"",""
2000-word review,unlawful,common_ish,1,"",""
2000-word review,unmatching,common_ish,1,"",""
2000-word review,unmold,common_ish,1,"",""
2000-word review,unparse,common_ish,1,"",""
2000-word review,unquote,common_ish,1,"",""
2000-word review,unreligious,common_ish,1,"",""
2000-word review,unrevenged,common_ish,1,"",""
2000-word review,unruly,common_ish,1,"",""
2000-word review,unscramble,common_ish,1,"",""
2000-word review,unshakeable,common_ish,1,"",""
2000-word review,unspecific,common_ish,1,"",""
2000-word review,unstated,common_ish,1,"",""
2000-word review,unstopped,common_ish,1,"",""
2000-word review,unstudious,common_ish,1,"",""
2000-word review,unsweat,common_ish,1,"",""
2000-word review,untethered,common_ish,1,"",""
2000-word review,unvoiced,common_ish,1,"",""
2000-word review,unwounded,common_ish,1,"",""
2000-word review,upend,common_ish,1,"",""
2000-word review,upgang,common_ish,1,"",""
2000-word review,upstaged,common_ish,1,"",""
2000-word review,utilised,common_ish,1,"",""
2000-word review,utopia,common_ish,1,"",""
2000-word review,vales,common_ish,1,"",""
2000-word review,valium,common_ish,1,"",""
2000-word review,vape,common_ish,1,"",""
2000-word review,varies,common_ish,1,"",""
2000-word review,vats,common_ish,1,"",""
2000-word review,vending,common_ish,1,"",""
2000-word review,venene,common_ish,1,"",""
2000-word review,vepsian,common_ish,1,"",""
2000-word review,verbal,common_ish,1,"",""
2000-word review,verged,common_ish,1,"",""
2000-word review,vesting,common_ish,1,"",""
2000-word review,vicks,common_ish,1,"",""
2000-word review,viejo,common_ish,1,"",""
2000-word review,vikings,common_ish,1,"",""
2000-word review,villas,common_ish,1,"",""
2000-word review,vintage,common_ish,1,"",""
2000-word review,virgins,common_ish,1,"",""
2000-word review,visors,common_ish,1,"",""
2000-word review,vista,common_ish,1,"",""
2000-word review,vitta,common_ish,1,"",""
2000-word review,volatilities,common_ish,1,"",""
2000-word review,voles,common_ish,1,"",""
2000-word review,wad,common_ish,1,"",""
2000-word review,wagon,common_ish,1,"",""
2000-word review,waiters,common_ish,1,"",""
2000-word review,waitron,common_ish,1,"",""
2000-word review,walling,common_ish,1,"",""
2000-word review,want,common_ish,1,"",""
2000-word review,warders,common_ish,1,"",""
2000-word review,wasserman,common_ish,1,"",""
2000-word review,waterholes,common_ish,1,"",""
2000-word review,waterlily,common_ish,1,"",""
2000-word review,wealy,common_ish,1,"",""
2000-word review,wean,common_ish,1,"",""
2000-word review,wearying,common_ish,1,"",""
2000-word review,webisode,common_ish,1,"",""
2000-word review,webspinner,common_ish,1,"",""
2000-word review,wedgie,common_ish,1,"",""
2000-word review,wedgies,common_ish,1,"",""
2000-word review,welly,common_ish,1,"",""
2000-word review,wharfie,common_ish,1,"",""
2000-word review,what're,common_ish,1,"",""
2000-word review,what're,common_ish,1,"",""
2000-word review,wheeze,common_ish,1,"",""
2000-word review,whims,common_ish,1,"",""
2000-word review,whiny,common_ish,1,"",""
2000-word review,whippoorwill,common_ish,1,"",""
2000-word review,whirs,common_ish,1,"",""
2000-word review,whittle,common_ish,1,"",""
2000-word review,whole,common_ish,1,"",""
2000-word review,whole,common_ish,1,"",""
2000-word review,whomsoever,common_ish,1,"",""
2000-word review,whoops,common_ish,1,"",""
2000-word review,whyever,common_ish,1,"",""
2000-word review,wicks,common_ish,1,"",""
2000-word review,wilfully,common_ish,1,"",""
2000-word review,winnings,common_ish,1,"",""
2000-word review,wobbles,common_ish,1,"",""
2000-word review,wore,common_ish,1,"",""
2000-word review,workbook,common_ish,1,"",""
2000-word review,wrestlings,common_ish,1,"",""
2000-word review,wright,common_ish,1,"",""
2000-word review,yaw,common_ish,1,"",""
2000-word review,yay,common_ish,1,"",""
2000-word review,yay,common_ish,1,"",""
2000-word review,yellow,common_ish,1,"",""
2000-word review,yelp,common_ish,1,"",""
2000-word review,yelpy,common_ish,1,"",""
2000-word review,yet,common_ish,1,"",""
2000-word review,yule,common_ish,1,"",""
2000-word review,zephyr,common_ish,1,"",""
2000-word review,zeroed,common_ish,1,"",""
2000-word review,zip,common_ish,1,"",""
2000-word review,zippers,common_ish,1,"",""
2000-word review,zippy,common_ish,1,"",""
2000-word review,zithers,common_ish,1,"",""
